id,name,email,email_verified_at,password,two_factor_secret,two_factor_recovery_codes,remember_token,contact_number,current_team_id,profile_photo_path,created_at,updated_at,role_id,deleted_at
10,Lavon Brierly,LavonBrierly@savetrace.com,2018-01-14 20:35:40,$2y$10$OrVWTiVFAUD8hkKvVMOn0.0/6XzspvoEFpyeF.4JWU9AcONipx/Si,,,,6595554568,,,2018-01-14 20:35:40,2021-02-05 9:20:37,internal,
11,Preston Esses,PrestonEsses@savetrace.com,2010-02-06 18:54:53,$2y$10$OrVWTiVFAUD8hkKvVMOn0.0/6XzspvoEFpyeF.4JWU9AcONipx/Si,,,,6585555176,,,2010-02-06 18:54:53,2021-02-01 7:53:40,internal,
12,Syreeta Mccloy,SyreetaMccloy@savetrace.com,2007-04-14 5:53:57,$2y$10$OrVWTiVFAUD8hkKvVMOn0.0/6XzspvoEFpyeF.4JWU9AcONipx/Si,,,,6585556696,,,2007-04-14 5:53:57,2021-01-09 15:56:35,internal,
13,Stephaine Grosvenor,StephaineGrosvenor@savetrace.com,2001-05-17 13:08:59,$2y$10$OrVWTiVFAUD8hkKvVMOn0.0/6XzspvoEFpyeF.4JWU9AcONipx/Si,,,,6595554382,,,2001-05-17 13:08:59,2021-02-07 23:24:59,internal,
14,Vertie Dewberry,VertieDewberry@savetrace.com,2007-04-06 23:43:02,$2y$10$OrVWTiVFAUD8hkKvVMOn0.0/6XzspvoEFpyeF.4JWU9AcONipx/Si,,,,6595552779,,,2007-04-06 23:43:02,2021-01-18 0:30:21,external,
15,Vada Kerby,VadaKerby@savetrace.com,2004-07-12 1:09:10,$2y$10$OrVWTiVFAUD8hkKvVMOn0.0/6XzspvoEFpyeF.4JWU9AcONipx/Si,,,,6595550177,,,2004-07-12 1:09:10,2021-01-16 14:14:33,external,
16,Lakiesha Fabela,LakieshaFabela@savetrace.com,2004-02-19 20:45:17,$2y$10$OrVWTiVFAUD8hkKvVMOn0.0/6XzspvoEFpyeF.4JWU9AcONipx/Si,,,,6595556290,,,2004-02-19 20:45:17,2021-01-31 7:32:59,external,
17,Stella Camara,StellaCamara@savetrace.com,2016-12-29 8:42:35,$2y$10$OrVWTiVFAUD8hkKvVMOn0.0/6XzspvoEFpyeF.4JWU9AcONipx/Si,,,,658555923,,,2016-12-29 8:42:35,2021-01-13 23:29:16,external,
18,Virgil Wiese,VirgilWiese@savetrace.com,2017-05-16 16:27:06,$2y$10$OrVWTiVFAUD8hkKvVMOn0.0/6XzspvoEFpyeF.4JWU9AcONipx/Si,,,,658555568,,,2017-05-16 16:27:06,2021-01-26 16:39:07,external,
19,Hildred Tomberlin,HildredTomberlin@savetrace.com,2004-02-19 22:37:22,$2y$10$OrVWTiVFAUD8hkKvVMOn0.0/6XzspvoEFpyeF.4JWU9AcONipx/Si,,,,6595555725,,,2004-02-19 22:37:22,2021-01-05 8:08:51,external,
20,Julene Lashbrook,JulenLashbrook@savetrace.com,2007-11-02 15:31:04,$2y$10$OrVWTiVFAUD8hkKvVMOn0.0/6XzspvoEFpyeF.4JWU9AcONipx/Si,,,,6585554457,,,2007-11-02 15:31:04,2021-02-10 18:24:29,external,
21,Lorelei Culbreth,LoreleiCulbreth@savetrace.com,2016-02-10 5:07:51,$2y$10$OrVWTiVFAUD8hkKvVMOn0.0/6XzspvoEFpyeF.4JWU9AcONipx/Si,,,,6585555260,,,2016-02-10 5:07:51,2021-01-28 22:12:44,external,
22,Terence Sunseri,TerenceSunseri@savetrace.com,2004-08-03 17:28:45,$2y$10$OrVWTiVFAUD8hkKvVMOn0.0/6XzspvoEFpyeF.4JWU9AcONipx/Si,,,,659555697,,,2004-08-03 17:28:45,2021-01-18 4:57:07,external,
23,Cecile Barahona,CecileBarahona@savetrace.com,2004-01-06 18:59:15,$2y$10$OrVWTiVFAUD8hkKvVMOn0.0/6XzspvoEFpyeF.4JWU9AcONipx/Si,,,,6595558029,,,2004-01-06 18:59:15,2021-02-10 19:33:14,external,
24,Colleen Woodward,ColleenWoodward@savetrace.com,2011-06-09 21:55:41,$2y$10$OrVWTiVFAUD8hkKvVMOn0.0/6XzspvoEFpyeF.4JWU9AcONipx/Si,,,,6585550988,,,2011-06-09 21:55:41,2021-01-21 11:00:43,external,
25,Denise Brazil,DeniseBrazil@savetrace.com,2003-05-06 19:51:27,$2y$10$OrVWTiVFAUD8hkKvVMOn0.0/6XzspvoEFpyeF.4JWU9AcONipx/Si,,,,6585556893,,,2003-05-06 19:51:27,2021-01-24 12:10:21,external,
26,Laurel Sobel,LaurelSobel@savetrace.com,2013-02-19 8:09:21,$2y$10$OrVWTiVFAUD8hkKvVMOn0.0/6XzspvoEFpyeF.4JWU9AcONipx/Si,,,,6585555677,,,2013-02-19 8:09:21,2021-02-10 18:42:24,external,
27,Stephania Harter,StephaniaHarter@savetrace.com,2006-08-18 16:23:51,$2y$10$OrVWTiVFAUD8hkKvVMOn0.0/6XzspvoEFpyeF.4JWU9AcONipx/Si,,,,6585554811,,,2006-08-18 16:23:51,2021-01-19 2:59:55,external,
28,Yang Piland,YangPiland@savetrace.com,2003-06-30 18:45:19,$2y$10$OrVWTiVFAUD8hkKvVMOn0.0/6XzspvoEFpyeF.4JWU9AcONipx/Si,,,,6585550276,,,2003-06-30 18:45:19,2021-02-06 1:54:07,external,
29,Yessenia Wimbley,YesseniaWimbley@savetrace.com,2020-04-25 17:35:39,$2y$10$OrVWTiVFAUD8hkKvVMOn0.0/6XzspvoEFpyeF.4JWU9AcONipx/Si,,,,6595555999,,,2020-04-25 17:35:39,2021-01-14 11:16:36,external,
30,Veronique Chmura,VeroniqueChmura@savetrace.com,2004-09-16 23:43:08,$2y$10$OrVWTiVFAUD8hkKvVMOn0.0/6XzspvoEFpyeF.4JWU9AcONipx/Si,,,,6595556110,,,2004-09-16 23:43:08,2021-01-01 14:34:09,external,
31,Mia Wilkison,MiaWilkison@savetrace.com,2008-03-27 15:08:48,$2y$10$OrVWTiVFAUD8hkKvVMOn0.0/6XzspvoEFpyeF.4JWU9AcONipx/Si,,,,6585553789,,,2008-03-27 15:08:48,2021-01-06 15:19:55,external,
32,Dalene Laverdiere,DaleneLaverdiere@savetrace.com,2016-04-04 12:16:28,$2y$10$OrVWTiVFAUD8hkKvVMOn0.0/6XzspvoEFpyeF.4JWU9AcONipx/Si,,,,6585553335,,,2016-04-04 12:16:28,2021-01-01 15:14:18,external,
33,nurse,nurse@savetrace.com,2015-09-21 23:13:01,$2y$10$OrVWTiVFAUD8hkKvVMOn0.0/6XzspvoEFpyeF.4JWU9AcONipx/Si,,,,659555844,,,2015-09-21 23:13:01,2021-01-04 10:26:32,nurse,
34,nurse2,nurse2@savetrace.com,2007-06-21 1:09:21,$2y$10$OrVWTiVFAUD8hkKvVMOn0.0/6XzspvoEFpyeF.4JWU9AcONipx/Si,,,,6595555252,,,2007-06-21 1:09:21,2021-01-03 10:53:59,nurse,
35,Mee Wessel,MeeWessel@savetrace.com,2007-06-17 6:44:39,$2y$10$OrVWTiVFAUD8hkKvVMOn0.0/6XzspvoEFpyeF.4JWU9AcONipx/Si,,,,659555696,,,2007-06-17 6:44:39,2021-01-17 20:00:43,,
36,Ester Drexler,EsterDrexler@savetrace.com,2008-08-25 8:42:32,$2y$10$OrVWTiVFAUD8hkKvVMOn0.0/6XzspvoEFpyeF.4JWU9AcONipx/Si,,,,6595557266,,,2008-08-25 8:42:32,2021-01-27 19:29:59,,
37,Wayne Golden,WayneGolden@savetrace.com,2014-09-14 8:23:32,$2y$10$OrVWTiVFAUD8hkKvVMOn0.0/6XzspvoEFpyeF.4JWU9AcONipx/Si,,,,6585552769,,,2014-09-14 8:23:32,2021-01-12 10:22:45,,
38,Trisha Blackshire,TrishaBlackshire@savetrace.com,2020-05-17 3:36:27,$2y$10$OrVWTiVFAUD8hkKvVMOn0.0/6XzspvoEFpyeF.4JWU9AcONipx/Si,,,,6585558167,,,2020-05-17 3:36:27,2021-02-02 8:02:40,,
39,Jerilyn Beadles,JerilynBeadles@savetrace.com,2004-11-18 3:56:11,$2y$10$OrVWTiVFAUD8hkKvVMOn0.0/6XzspvoEFpyeF.4JWU9AcONipx/Si,,,,6595559610,,,2004-11-18 3:56:11,2021-01-12 10:11:58,,
40,Jazmine Shaeffer,JazmineShaeffer@savetrace.com,2010-12-06 18:13:46,$2y$10$OrVWTiVFAUD8hkKvVMOn0.0/6XzspvoEFpyeF.4JWU9AcONipx/Si,,,,6585551686,,,2010-12-06 18:13:46,2021-01-02 10:27:22,,
41,Winfred Wuest,WinfredWuest@savetrace.com,2001-02-01 13:20:45,$2y$10$OrVWTiVFAUD8hkKvVMOn0.0/6XzspvoEFpyeF.4JWU9AcONipx/Si,,,,6585550772,,,2001-02-01 13:20:45,2021-01-07 17:15:03,,
42,Haley Cypert,HaleyCypert@savetrace.com,2014-12-25 5:20:32,$2y$10$OrVWTiVFAUD8hkKvVMOn0.0/6XzspvoEFpyeF.4JWU9AcONipx/Si,,,,6595555174,,,2014-12-25 5:20:32,2021-01-04 20:51:20,,
43,Tiara Romberger,TiaraRomberger@savetrace.com,2007-12-13 19:59:43,$2y$10$OrVWTiVFAUD8hkKvVMOn0.0/6XzspvoEFpyeF.4JWU9AcONipx/Si,,,,6585552239,,,2007-12-13 19:59:43,2021-02-04 18:55:50,,
44,Julia Rohloff,JuliaRohloff@savetrace.com,2002-08-01 0:20:56,$2y$10$OrVWTiVFAUD8hkKvVMOn0.0/6XzspvoEFpyeF.4JWU9AcONipx/Si,,,,6585550643,,,2002-08-01 0:20:56,2021-01-16 5:45:24,,
45,Lynell Higham,LynellHigham@savetrace.com,2004-10-12 13:30:34,$2y$10$OrVWTiVFAUD8hkKvVMOn0.0/6XzspvoEFpyeF.4JWU9AcONipx/Si,,,,6595557846,,,2004-10-12 13:30:34,2021-01-12 14:42:51,,
46,Vincent Vice,VincentVice@savetrace.com,2009-04-26 0:12:43,$2y$10$OrVWTiVFAUD8hkKvVMOn0.0/6XzspvoEFpyeF.4JWU9AcONipx/Si,,,,658555468,,,2009-04-26 0:12:43,2021-01-10 11:49:53,,
47,Malka Madlock,MalkaMadlock@savetrace.com,2002-11-10 9:03:31,$2y$10$OrVWTiVFAUD8hkKvVMOn0.0/6XzspvoEFpyeF.4JWU9AcONipx/Si,,,,6585553528,,,2002-11-10 9:03:31,2021-01-13 22:45:11,,
48,Gary Kang,GaryKang@savetrace.com,2001-04-27 12:41:04,$2y$10$OrVWTiVFAUD8hkKvVMOn0.0/6XzspvoEFpyeF.4JWU9AcONipx/Si,,,,6585556082,,,2001-04-27 12:41:04,2021-02-04 17:40:48,,
49,Earnest Wingrove,EarnestWingrove@savetrace.com,2001-04-16 9:06:40,$2y$10$OrVWTiVFAUD8hkKvVMOn0.0/6XzspvoEFpyeF.4JWU9AcONipx/Si,,,,6585555297,,,2001-04-16 9:06:40,2021-02-04 16:04:17,,
50,Chloe Larios,ChloeLarios@savetrace.com,2012-05-15 0:05:00,$2y$10$OrVWTiVFAUD8hkKvVMOn0.0/6XzspvoEFpyeF.4JWU9AcONipx/Si,,,,6595553523,,,2012-05-15 0:05:00,2021-02-11 16:32:34,,
51,Harry Timpson,HarryTimpson@savetrace.com,2007-11-22 13:35:33,$2y$10$OrVWTiVFAUD8hkKvVMOn0.0/6XzspvoEFpyeF.4JWU9AcONipx/Si,,,,6595555259,,,2007-11-22 13:35:33,2021-01-25 20:41:25,,
52,Heriberto Knouse,HeribertoKnouse@savetrace.com,2001-01-10 10:44:53,$2y$10$OrVWTiVFAUD8hkKvVMOn0.0/6XzspvoEFpyeF.4JWU9AcONipx/Si,,,,6585559790,,,2001-01-10 10:44:53,2021-01-29 21:28:13,,
53,Beryl Tiller,BerylTiller@savetrace.com,2008-03-20 22:25:35,$2y$10$OrVWTiVFAUD8hkKvVMOn0.0/6XzspvoEFpyeF.4JWU9AcONipx/Si,,,,6595550248,,,2008-03-20 22:25:35,2021-02-04 7:20:32,,
54,Karl Greenburg,KarlGreenburg@savetrace.com,2014-11-27 13:24:33,$2y$10$OrVWTiVFAUD8hkKvVMOn0.0/6XzspvoEFpyeF.4JWU9AcONipx/Si,,,,6585554143,,,2014-11-27 13:24:33,2021-02-04 9:45:40,,
55,Raymundo Willard,RaymundoWillard@savetrace.com,2017-09-15 11:30:01,$2y$10$OrVWTiVFAUD8hkKvVMOn0.0/6XzspvoEFpyeF.4JWU9AcONipx/Si,,,,6595557487,,,2017-09-15 11:30:01,2021-02-01 15:37:55,,
56,Berry Rapoza,BerryRapoza@savetrace.com,2004-06-16 6:40:16,$2y$10$OrVWTiVFAUD8hkKvVMOn0.0/6XzspvoEFpyeF.4JWU9AcONipx/Si,,,,6595550854,,,2004-06-16 6:40:16,2021-02-13 20:56:18,,
57,Verdell Pacheo,VerdellPacheo@savetrace.com,2003-10-08 5:10:45,$2y$10$OrVWTiVFAUD8hkKvVMOn0.0/6XzspvoEFpyeF.4JWU9AcONipx/Si,,,,6585556963,,,2003-10-08 5:10:45,2021-01-22 6:10:41,,
58,Philip Vuong,PhilipVuong@savetrace.com,2004-12-29 13:18:30,$2y$10$OrVWTiVFAUD8hkKvVMOn0.0/6XzspvoEFpyeF.4JWU9AcONipx/Si,,,,6585555695,,,2004-12-29 13:18:30,2021-01-10 3:09:33,,
59,Cecil Myhre,CecilMyhre@savetrace.com,2006-09-07 15:30:57,$2y$10$OrVWTiVFAUD8hkKvVMOn0.0/6XzspvoEFpyeF.4JWU9AcONipx/Si,,,,6595555067,,,2006-09-07 15:30:57,2021-02-03 13:42:56,,
60,Angelo Morford,AngeloMorford@savetrace.com,2020-09-18 2:26:47,$2y$10$OrVWTiVFAUD8hkKvVMOn0.0/6XzspvoEFpyeF.4JWU9AcONipx/Si,,,,6595554917,,,2020-09-18 2:26:47,2021-02-01 2:13:04,,
61,Pasquale Gorrell,Pasqual Gorrell@savetrace.com,2004-02-20 0:56:57,$2y$10$OrVWTiVFAUD8hkKvVMOn0.0/6XzspvoEFpyeF.4JWU9AcONipx/Si,,,,6595552183,,,2004-02-20 0:56:57,2021-02-13 2:17:37,,
62,Gaston Neira,GastonNeira@savetrace.com,2002-08-07 10:02:16,$2y$10$OrVWTiVFAUD8hkKvVMOn0.0/6XzspvoEFpyeF.4JWU9AcONipx/Si,,,,6585555785,,,2002-08-07 10:02:16,2021-01-31 2:29:00,,
63,Dalton Ravenscroft,DaltonRavenscroft@savetrace.com,2008-05-13 12:12:46,$2y$10$OrVWTiVFAUD8hkKvVMOn0.0/6XzspvoEFpyeF.4JWU9AcONipx/Si,,,,6595555390,,,2008-05-13 12:12:46,2021-01-27 21:42:17,,
64,Beulah Pauley,BeulahPauley@savetrace.com,2007-09-05 8:17:24,$2y$10$OrVWTiVFAUD8hkKvVMOn0.0/6XzspvoEFpyeF.4JWU9AcONipx/Si,,,,6595557378,,,2007-09-05 8:17:24,2021-01-23 19:01:23,,
65,Mireya Mcnickle,MireyaMcnickle@savetrace.com,2019-08-14 21:19:53,$2y$10$OrVWTiVFAUD8hkKvVMOn0.0/6XzspvoEFpyeF.4JWU9AcONipx/Si,,,,6585554031,,,2019-08-14 21:19:53,2021-02-02 9:39:57,,
66,Ramonita Holley,RamonitaHolley@savetrace.com,2009-03-19 3:22:14,$2y$10$OrVWTiVFAUD8hkKvVMOn0.0/6XzspvoEFpyeF.4JWU9AcONipx/Si,,,,6595557398,,,2009-03-19 3:22:14,2021-02-09 8:07:24,,
67,Shenika Higgins,ShenikaHiggins@savetrace.com,2016-12-12 6:50:12,$2y$10$OrVWTiVFAUD8hkKvVMOn0.0/6XzspvoEFpyeF.4JWU9AcONipx/Si,,,,658555219,,,2016-12-12 6:50:12,2021-01-27 15:29:25,,
68,Latina Budge,LatinaBudge@savetrace.com,2013-09-15 2:03:32,$2y$10$OrVWTiVFAUD8hkKvVMOn0.0/6XzspvoEFpyeF.4JWU9AcONipx/Si,,,,6585558279,,,2013-09-15 2:03:32,2021-02-05 19:36:46,,
69,Zina Paradiso,ZinaParadiso@savetrace.com,2001-01-18 20:15:48,$2y$10$OrVWTiVFAUD8hkKvVMOn0.0/6XzspvoEFpyeF.4JWU9AcONipx/Si,,,,6595555220,,,2001-01-18 20:15:48,2021-02-13 19:33:48,,
70,Orlando Nisbett,OrlandoNisbett@savetrace.com,2015-07-05 19:20:05,$2y$10$OrVWTiVFAUD8hkKvVMOn0.0/6XzspvoEFpyeF.4JWU9AcONipx/Si,,,,658555293,,,2015-07-05 19:20:05,2021-01-28 12:04:50,,
71,Lonny Craver,LonnyCraver@savetrace.com,2011-05-10 13:17:47,$2y$10$OrVWTiVFAUD8hkKvVMOn0.0/6XzspvoEFpyeF.4JWU9AcONipx/Si,,,,6595553518,,,2011-05-10 13:17:47,2021-01-25 19:55:01,,
72,Kyoko Ruane,KyokoRuane@savetrace.com,2003-08-17 3:59:52,$2y$10$OrVWTiVFAUD8hkKvVMOn0.0/6XzspvoEFpyeF.4JWU9AcONipx/Si,,,,6585551814,,,2003-08-17 3:59:52,2021-01-08 17:11:55,,
73,Alfredo Vancil,AlfredoVancil@savetrace.com,2002-05-02 9:18:46,$2y$10$OrVWTiVFAUD8hkKvVMOn0.0/6XzspvoEFpyeF.4JWU9AcONipx/Si,,,,6585551660,,,2002-05-02 9:18:46,2021-01-15 2:21:13,,
74,Kristi Emberton,KristiEmberton@savetrace.com,2005-06-12 20:12:30,$2y$10$OrVWTiVFAUD8hkKvVMOn0.0/6XzspvoEFpyeF.4JWU9AcONipx/Si,,,,6595551595,,,2005-06-12 20:12:30,2021-01-12 3:48:29,,
75,Rigoberto Devillier,RigobertoDevillier@savetrace.com,2018-03-22 9:11:22,$2y$10$OrVWTiVFAUD8hkKvVMOn0.0/6XzspvoEFpyeF.4JWU9AcONipx/Si,,,,6585552721,,,2018-03-22 9:11:22,2021-01-05 1:08:40,,
76,Tamica Summerfield,TamicaSummerfield@savetrace.com,2020-02-21 5:32:14,$2y$10$OrVWTiVFAUD8hkKvVMOn0.0/6XzspvoEFpyeF.4JWU9AcONipx/Si,,,,6585557158,,,2020-02-21 5:32:14,2021-01-18 0:31:34,,
77,Kacey Normandin,KaceyNormandin@savetrace.com,2009-05-24 9:11:34,$2y$10$OrVWTiVFAUD8hkKvVMOn0.0/6XzspvoEFpyeF.4JWU9AcONipx/Si,,,,6595556171,,,2009-05-24 9:11:34,2021-02-13 20:08:01,,
78,Ardelia Kagan,ArdeliaKagan@savetrace.com,2005-03-28 10:39:54,$2y$10$OrVWTiVFAUD8hkKvVMOn0.0/6XzspvoEFpyeF.4JWU9AcONipx/Si,,,,6585558889,,,2005-03-28 10:39:54,2021-02-13 12:32:19,,
79,Katina Vandervort,KatinaVandervort@savetrace.com,2010-04-19 10:12:29,$2y$10$OrVWTiVFAUD8hkKvVMOn0.0/6XzspvoEFpyeF.4JWU9AcONipx/Si,,,,6595559737,,,2010-04-19 10:12:29,2021-01-31 3:11:37,,
80,Caryn Darcangelo,CarynDarcangelo@savetrace.com,2017-05-25 9:13:10,$2y$10$OrVWTiVFAUD8hkKvVMOn0.0/6XzspvoEFpyeF.4JWU9AcONipx/Si,,,,6595558213,,,2017-05-25 9:13:10,2021-01-24 13:20:43,,
81,Cyndy Yardley,CyndyYardley@savetrace.com,2003-04-24 10:42:34,$2y$10$OrVWTiVFAUD8hkKvVMOn0.0/6XzspvoEFpyeF.4JWU9AcONipx/Si,,,,6595552056,,,2003-04-24 10:42:34,2021-01-08 22:22:53,,
82,Glory Church,GloryChurch@savetrace.com,2016-05-31 11:26:20,$2y$10$OrVWTiVFAUD8hkKvVMOn0.0/6XzspvoEFpyeF.4JWU9AcONipx/Si,,,,6585555341,,,2016-05-31 11:26:20,2021-02-03 3:06:56,,
83,Catherina Dow,CatherinaDow@savetrace.com,2010-01-13 8:44:16,$2y$10$OrVWTiVFAUD8hkKvVMOn0.0/6XzspvoEFpyeF.4JWU9AcONipx/Si,,,,6595553822,,,2010-01-13 8:44:16,2021-02-05 3:13:18,,
84,Thora Pellham,ThoraPellham@savetrace.com,2006-01-04 5:56:21,$2y$10$OrVWTiVFAUD8hkKvVMOn0.0/6XzspvoEFpyeF.4JWU9AcONipx/Si,,,,6585550133,,,2006-01-04 5:56:21,2021-01-30 10:21:55,,
85,Blanca Service,BlancaService@savetrace.com,2004-02-20 12:19:19,$2y$10$OrVWTiVFAUD8hkKvVMOn0.0/6XzspvoEFpyeF.4JWU9AcONipx/Si,,,,6585559018,,,2004-02-20 12:19:19,2021-01-03 8:58:29,,
86,Johnny Florio,JohnnyFlorio@savetrace.com,2012-03-29 2:26:33,$2y$10$OrVWTiVFAUD8hkKvVMOn0.0/6XzspvoEFpyeF.4JWU9AcONipx/Si,,,,6585557351,,,2012-03-29 2:26:33,2021-01-01 18:43:42,,
87,Carl Tostado,CarlTostado@savetrace.com,2011-01-03 23:37:46,$2y$10$OrVWTiVFAUD8hkKvVMOn0.0/6XzspvoEFpyeF.4JWU9AcONipx/Si,,,,6585550114,,,2011-01-03 23:37:46,2021-01-28 11:14:55,,
88,Jill Briant,JillBriant@savetrace.com,2004-08-31 7:22:08,$2y$10$OrVWTiVFAUD8hkKvVMOn0.0/6XzspvoEFpyeF.4JWU9AcONipx/Si,,,,6595556215,,,2004-08-31 7:22:08,2021-01-10 5:30:16,,
89,Corinne Gallien,CorinneGallien@savetrace.com,2014-09-12 10:03:55,$2y$10$OrVWTiVFAUD8hkKvVMOn0.0/6XzspvoEFpyeF.4JWU9AcONipx/Si,,,,6585553327,,,2014-09-12 10:03:55,2021-01-23 0:26:14,,
90,Fawn Negrete,FawnNegrete@savetrace.com,2008-09-18 9:01:10,$2y$10$OrVWTiVFAUD8hkKvVMOn0.0/6XzspvoEFpyeF.4JWU9AcONipx/Si,,,,6595550263,,,2008-09-18 9:01:10,2021-01-18 9:47:59,,
91,Nancey Messina,NanceyMessina@savetrace.com,2003-08-10 20:40:52,$2y$10$OrVWTiVFAUD8hkKvVMOn0.0/6XzspvoEFpyeF.4JWU9AcONipx/Si,,,,6595553393,,,2003-08-10 20:40:52,2021-01-08 0:52:04,,
92,Leanna Hauptman,LeannaHauptman@savetrace.com,2001-07-20 7:16:34,$2y$10$OrVWTiVFAUD8hkKvVMOn0.0/6XzspvoEFpyeF.4JWU9AcONipx/Si,,,,6595557479,,,2001-07-20 7:16:34,2021-01-16 5:26:07,,
93,Serena Wickens,SerenaWickens@savetrace.com,2006-11-27 20:41:07,$2y$10$OrVWTiVFAUD8hkKvVMOn0.0/6XzspvoEFpyeF.4JWU9AcONipx/Si,,,,6595554336,,,2006-11-27 20:41:07,2021-01-12 9:34:31,,
94,Victorina Hemphill,VictorinaHemphill@savetrace.com,2013-11-10 1:23:37,$2y$10$OrVWTiVFAUD8hkKvVMOn0.0/6XzspvoEFpyeF.4JWU9AcONipx/Si,,,,6595555376,,,2013-11-10 1:23:37,2021-02-02 3:31:16,,
95,Patrice Rigg,PatriceRigg@savetrace.com,2001-01-09 10:12:15,$2y$10$OrVWTiVFAUD8hkKvVMOn0.0/6XzspvoEFpyeF.4JWU9AcONipx/Si,,,,6585554523,,,2001-01-09 10:12:15,2021-01-08 14:00:58,,
96,Renae Nason,RenaeNason@savetrace.com,2002-10-10 3:33:33,$2y$10$OrVWTiVFAUD8hkKvVMOn0.0/6XzspvoEFpyeF.4JWU9AcONipx/Si,,,,6595553691,,,2002-10-10 3:33:33,2021-01-21 13:10:50,,
97,Deann Zazueta,DeannZazueta@savetrace.com,2006-07-31 10:48:00,$2y$10$OrVWTiVFAUD8hkKvVMOn0.0/6XzspvoEFpyeF.4JWU9AcONipx/Si,,,,659555742,,,2006-07-31 10:48:00,2021-01-31 21:05:30,,
98,Quiana Pontes,QuianaPontes@savetrace.com,2002-03-11 19:01:29,$2y$10$OrVWTiVFAUD8hkKvVMOn0.0/6XzspvoEFpyeF.4JWU9AcONipx/Si,,,,6585559099,,,2002-03-11 19:01:29,2021-02-09 16:40:16,,
99,Shay Hillock,ShayHillock@savetrace.com,2013-12-30 23:40:26,$2y$10$OrVWTiVFAUD8hkKvVMOn0.0/6XzspvoEFpyeF.4JWU9AcONipx/Si,,,,6585559372,,,2013-12-30 23:40:26,2021-01-06 17:16:15,,
100,Holley Kelliher,HolleyKelliher@savetrace.com,2004-06-01 23:00:30,$2y$10$OrVWTiVFAUD8hkKvVMOn0.0/6XzspvoEFpyeF.4JWU9AcONipx/Si,,,,6585551182,,,2004-06-01 23:00:30,2021-01-25 8:59:40,,
101,Nadia Helper,NadiaHelper@savetrace.com,2020-07-19 23:55:51,$2y$10$OrVWTiVFAUD8hkKvVMOn0.0/6XzspvoEFpyeF.4JWU9AcONipx/Si,,,,6595556478,,,2020-07-19 23:55:51,2021-02-07 16:41:02,,
102,Cori Siegfried,CoriSiegfried@savetrace.com,2013-02-10 19:10:56,$2y$10$OrVWTiVFAUD8hkKvVMOn0.0/6XzspvoEFpyeF.4JWU9AcONipx/Si,,,,658555145,,,2013-02-10 19:10:56,2021-01-07 5:03:19,,
103,Elroy Fenstermaker,ElroyFenstermaker@savetrace.com,2008-10-24 17:39:09,$2y$10$OrVWTiVFAUD8hkKvVMOn0.0/6XzspvoEFpyeF.4JWU9AcONipx/Si,,,,6585559359,,,2008-10-24 17:39:09,2021-01-19 22:14:58,,
104,Horace Monge,HoraceMonge@savetrace.com,2002-09-30 15:01:55,$2y$10$OrVWTiVFAUD8hkKvVMOn0.0/6XzspvoEFpyeF.4JWU9AcONipx/Si,,,,6585552630,,,2002-09-30 15:01:55,2021-02-12 14:36:06,,
105,Kelvin Keltz,KelvinKeltz@savetrace.com,2019-02-16 21:10:38,$2y$10$OrVWTiVFAUD8hkKvVMOn0.0/6XzspvoEFpyeF.4JWU9AcONipx/Si,,,,6585557521,,,2019-02-16 21:10:38,2021-01-06 15:55:48,,
106,Devon Henricksen,DevonHenricksen@savetrace.com,2005-01-31 17:06:19,$2y$10$OrVWTiVFAUD8hkKvVMOn0.0/6XzspvoEFpyeF.4JWU9AcONipx/Si,,,,6595555120,,,2005-01-31 17:06:19,2021-01-09 19:41:40,,
107,Evelyne Room,EvelyneRoom@savetrace.com,2017-06-08 19:38:08,$2y$10$OrVWTiVFAUD8hkKvVMOn0.0/6XzspvoEFpyeF.4JWU9AcONipx/Si,,,,6585557316,,,2017-06-08 19:38:08,2021-01-28 18:41:09,,
108,Rafael Arvie,RafaelArvie@savetrace.com,2015-12-21 21:17:02,$2y$10$OrVWTiVFAUD8hkKvVMOn0.0/6XzspvoEFpyeF.4JWU9AcONipx/Si,,,,6585552475,,,2015-12-21 21:17:02,2021-01-03 1:01:08,,
109,Brooke Channell,BrookeChannell@savetrace.com,2009-02-27 0:08:20,$2y$10$OrVWTiVFAUD8hkKvVMOn0.0/6XzspvoEFpyeF.4JWU9AcONipx/Si,,,,6585556623,,,2009-02-27 0:08:20,2021-02-04 13:37:29,,
